item_id,condition,class,depth,entity_type,salience_flag,ground_truth,response,finish_reason,parse_stage,parsed,strict_correct,consistent_correct,error
P001,1,definite,1,place,non_salient,west,The direction of Nant Ffynon-fawr from Nant Cwm-byddar cannot be determined.,stop,b,UNDET,False,False,
P002,1,definite,1,place,salient,west,cannot be determined,stop,a,UNDET,False,False,
P003,1,definite,1,place,non_salient,west,Cannot be determined.,stop,a,UNDET,False,False,
P004,1,definite,1,place,salient,north,cannot be determined,stop,a,UNDET,False,False,
P005,1,definite,1,place,non_salient,east,Cannot be determined.,stop,a,UNDET,False,False,
P006,1,definite,1,place,salient,east,cannot be determined,stop,a,UNDET,False,False,
P007,1,definite,1,place,salient,south,Cannot be determined.,stop,a,UNDET,False,False,
P008,1,definite,1,unit,n/a,south,The direction of Grosvenor from Stansty cannot be determined.,stop,b,UNDET,False,False,
P009,1,definite,1,unit,n/a,south,"Ogmore Valley Community is located to the west of Pentre Community. Therefore, the direction of Ogmore Valley Community from Pentre Community is west.",stop,b,west,False,False,
P010,1,definite,1,unit,n/a,west,"To determine the direction of Llandow Community from Llanfair Community using a four-sector compass frame, we need to know their relative positions on a map.  Llanfair Community is located in Powys, in the central part of Wales, while Llandow Community is located in the Vale of Glamorgan, in the southern part of Wales. Given these locations, Llandow Community is generally to the south of Llanfair Community.  Therefore, the direction of Llandow Community from Llanfair Community is south.",stop,b,south,False,False,
P011,1,definite,1,unit,n/a,west,"To determine the direction of Abercarn from Fairwater Community using a four-sector compass frame, we need to consider their relative positions on a map.  Abercarn is located in the county borough of Caerphilly, while Fairwater is a community in the city of Cardiff. On a map, Abercarn is generally located to the north of Cardiff.  Therefore, using the four-sector compass frame, the direction of Abercarn from Fairwater Community is north.",stop,b,north,False,False,
P012,1,definite,1,unit,n/a,east,Cannot be determined.,stop,a,UNDET,False,False,
P013,1,definite,1,unit,n/a,south,"Forest and Ffwddog is located to the north of Cwmyoy. Therefore, the direction of Forest and Ffwddog from Cwmyoy is north.",stop,b,north,False,False,
P014,1,definite,1,unit,n/a,south,"To determine the direction of Mardy from Pantygelli using a four-sector compass frame, we need to know their relative positions on a map.  Mardy is located to the south of Pantygelli. Therefore, using the four-sector compass frame, the direction of Mardy from Pantygelli is south.",stop,b,south,True,True,
P015,1,definite,1,unit,n/a,west,The direction of Drybridge from Osbaston cannot be determined.,stop,b,UNDET,False,False,
P016,1,definite,2,place,salient,west,cannot be determined,stop,a,UNDET,False,False,
P017,1,definite,2,place,non_salient,east,"To determine the direction of Bodelwyddan Park from Coed Bryn-y-pin using a four-sector compass frame, we need to know their relative positions on a map. However, without specific geographic coordinates or a map indicating their locations, it is not possible to accurately determine the direction. Therefore, the answer is:  cannot be determined.",stop,a,UNDET,False,False,
P018,1,definite,2,place,non_salient,east,Cannot be determined.,stop,a,UNDET,False,False,
P019,1,definite,2,place,non_salient,east,Cannot be determined.,stop,a,UNDET,False,False,
P020,1,definite,2,place,salient,east,"To determine the direction of Pentre Cilcwm from Mynydd Cil-cwm using a four-sector compass frame, we need to know their relative positions. However, without specific geographic coordinates or a map indicating their locations, it is not possible to accurately determine the direction. Therefore, the answer is:  cannot be determined.",stop,a,UNDET,False,False,
P021,1,definite,2,place,salient,north,cannot be determined,stop,a,UNDET,False,False,
P022,1,definite,2,place,salient,west,cannot be determined,stop,a,UNDET,False,False,
P023,1,definite,2,place,salient,north,Cannot be determined.,stop,a,UNDET,False,False,
P024,1,definite,2,unit,n/a,north,"Efenechtyd is located to the west of Bryneglwys. Therefore, the direction of Efenechtyd from Bryneglwys is west.",stop,b,west,False,False,
P025,1,definite,2,unit,n/a,south,"Llanferres is located to the south of Halkyn Community. Therefore, the direction of Llanferres from Halkyn Community is south.",stop,b,south,True,True,
P026,1,definite,2,unit,n/a,west,"To determine the direction of Penycae Community from Marchwiel Community using a four-sector compass frame, we need to know their relative positions on a map.  Penycae Community is located in Wrexham County Borough, and Marchwiel Community is also in Wrexham County Borough. Penycae is situated to the southwest of Wrexham town, while Marchwiel is located to the southeast of Wrexham town.  Given this information, Penycae is generally to the west of Marchwiel. Therefore, the direction of Penycae Community from Marchwiel Community is west.",stop,b,west,True,True,
P027,1,definite,2,unit,n/a,south,"Rhosllanerchrugog Community is located to the south of Coedpoeth Community. Therefore, the direction of Rhosllanerchrugog Community from Coedpoeth Community is south.",stop,b,south,True,True,
P028,1,definite,2,unit,n/a,north,"Llanerfyl is located to the north of Trefeglwys Community. Therefore, the direction of Llanerfyl from Trefeglwys Community is north.",stop,b,north,True,True,
P029,1,definite,2,unit,n/a,west,The direction of Gibbonsdown from Cadoc cannot be determined.,stop,b,UNDET,False,False,
P030,1,definite,2,unit,n/a,north,"Upper Cwmbran Community is located to the north of Henllys. Therefore, the direction of Upper Cwmbran Community from Henllys is north.",stop,b,north,True,True,
P031,1,disjunctive,2,place,salient,east|south,Cannot be determined.,stop,a,UNDET,False,False,
P032,1,disjunctive,2,place,salient,east|south,cannot be determined,stop,a,UNDET,False,False,
P033,1,disjunctive,2,place,non_salient,north|west,"Twr y Fan Foel is located to the north of Llyn y Fan Fawr. Therefore, the direction of Twr y Fan Foel from Llyn y Fan Fawr is north.",stop,b,north,False,True,
P034,1,disjunctive,2,place,salient,north|west,Cannot be determined.,stop,a,UNDET,False,False,
P035,1,disjunctive,2,place,non_salient,east|south,cannot be determined,stop,a,UNDET,False,False,
P036,1,disjunctive,2,place,non_salient,east|south,The direction of Mynydd Glan-llyn-y-forwyn from Clip cannot be determined.,stop,b,UNDET,False,False,
P037,1,disjunctive,2,place,salient,north|east,Cannot be determined.,stop,a,UNDET,False,False,
P038,1,disjunctive,2,place,salient,south|west,"Cae'r-Geiliog is located on the Isle of Anglesey in northwest Wales, while Garth Mountain is located near Cardiff in the south of Wales. Given their relative positions, Cae'r-Geiliog is generally to the northwest of Garth Mountain. However, when using a four-sector compass frame where directions are classified as exactly north, east, south, or west, the direction of Cae'r-Geiliog from Garth Mountain would be classified as ""north.""",stop,b,north,False,False,
P039,1,disjunctive,2,place,salient,north|west,The direction of Rhedynog Felen Fawr from Traeth Abermaw / Barmouth Beach cannot be determined.,stop,b,UNDET,False,False,
P040,1,disjunctive,2,place,salient,south|west,cannot be determined,stop,a,UNDET,False,False,
P041,1,disjunctive,2,place,non_salient,north|west,Cannot be determined.,stop,a,UNDET,False,False,
P042,1,disjunctive,2,place,non_salient,east|south,Cannot be determined.,stop,a,UNDET,False,False,
P043,1,disjunctive,2,place,non_salient,south|west,Cannot be determined.,stop,a,UNDET,False,False,
P044,1,disjunctive,2,place,salient,east|south,The direction of Scurlage from Llanddewi is west.,stop,b,west,False,False,
P045,1,disjunctive,2,place,non_salient,south|west,cannot be determined,stop,a,UNDET,False,False,
P046,1,disjunctive,2,unit,n/a,east|south,"Betws Garmon Community is located to the north of Bontnewydd Community. Therefore, the direction of Betws Garmon Community from Bontnewydd Community is north.",stop,b,north,False,False,
P047,1,disjunctive,2,unit,n/a,south|west,"Bryn-Crug is located to the east of Arthog Community. Therefore, the direction of Bryn-Crug from Arthog Community is east.",stop,b,east,False,False,
P048,1,disjunctive,2,unit,n/a,north|west,"Peblig is located to the east of Rhosgadfan. Therefore, the direction of Peblig from Rhosgadfan is east.",stop,b,east,False,False,
P049,1,disjunctive,2,unit,n/a,north|west,"To determine the direction of Meifod from Castle Caereinion using a four-sector compass frame, we need to consider their relative positions on a map.  Meifod is located to the northwest of Castle Caereinion. However, since we are using a four-sector compass frame where every direction is classified as exactly one of north, east, south, or west, we need to simplify this direction.  In a four-sector compass frame: - Northwest would be simplified to either north or west.  Given that Meifod is more directly north than west of Castle Caereinion, the direction of Meifod from Castle Caereinion is best classified as:  **North**",stop,b,north,False,True,
P050,1,disjunctive,2,unit,n/a,north|west,"Rhayader Community is located to the east of Nantmel. Therefore, the direction of Rhayader Community from Nantmel is east.",stop,b,east,False,False,
P051,1,disjunctive,2,unit,n/a,north|west,North,stop,a,north,False,True,
P052,1,disjunctive,2,unit,n/a,north|east,"Faenor Community is located to the east of Aberystwyth Community. Therefore, the direction of Faenor Community from Aberystwyth Community is east.",stop,b,east,False,True,
P053,1,disjunctive,2,unit,n/a,north|east,"Pencarreg is located to the east of Llanllwni. Therefore, the direction of Pencarreg from Llanllwni is east.",stop,b,east,False,True,
P054,1,disjunctive,2,unit,n/a,north|east,The direction of Godre'r Graig from Allt-wen is north.,stop,b,north,False,True,
P055,1,disjunctive,2,unit,n/a,east|south,"Coity Higher Community is located to the east of Ynysawdre Community. Therefore, the direction of Coity Higher Community from Ynysawdre Community is east.",stop,b,east,False,True,
P056,1,disjunctive,2,unit,n/a,north|west,"Abertysswg is located to the north of Cwmsyfiog. Therefore, the direction of Abertysswg from Cwmsyfiog is north.",stop,b,north,False,True,
P057,1,disjunctive,2,unit,n/a,north|east,"Llanvaches is located to the north-east of Langstone Community. However, when using a four-sector compass frame where every direction is classified as exactly one of north, east, south, or west, the direction of Llanvaches from Langstone Community would be classified as ""north.""",stop,b,north,False,True,
P058,1,disjunctive,2,unit,n/a,south|west,East,stop,a,east,False,False,
P059,1,disjunctive,2,unit,n/a,east|south,East,stop,a,east,False,True,
P060,1,disjunctive,2,unit,n/a,north|east,"Whitecastle Community is located to the east of Raglan Community. Therefore, the direction of Whitecastle Community from Raglan Community is east.",stop,b,east,False,True,
P061,1,underdetermined,2,place,salient,UNDET,The direction of Gellifowy-Ganol from Pontardawe cannot be determined.,stop,b,UNDET,True,True,
P062,1,underdetermined,2,place,salient,UNDET,Cannot be determined.,stop,a,UNDET,True,True,
P063,1,underdetermined,2,place,salient,UNDET,cannot be determined,stop,a,UNDET,True,True,
P064,1,underdetermined,2,place,non_salient,UNDET,cannot be determined,stop,a,UNDET,True,True,
P065,1,underdetermined,2,place,non_salient,UNDET,cannot be determined,stop,a,UNDET,True,True,
P066,1,underdetermined,2,place,salient,UNDET,Cannot be determined.,stop,a,UNDET,True,True,
P067,1,underdetermined,2,place,non_salient,UNDET,The direction of Pen yr Helgi Du from Nant Tal-y-waun cannot be determined.,stop,b,UNDET,True,True,
P068,1,underdetermined,2,place,salient,UNDET,cannot be determined,stop,a,UNDET,True,True,
P069,1,underdetermined,2,place,salient,UNDET,Cannot be determined.,stop,a,UNDET,True,True,
P070,1,underdetermined,2,place,salient,UNDET,cannot be determined,stop,a,UNDET,True,True,
P071,1,underdetermined,2,place,non_salient,UNDET,cannot be determined,stop,a,UNDET,True,True,
P072,1,underdetermined,2,place,salient,UNDET,cannot be determined,stop,a,UNDET,True,True,
P073,1,underdetermined,2,place,non_salient,UNDET,"To determine the direction of Coed Cae Aberaman from Coed Penrhiw-angen using a four-sector compass frame, we need to know their relative positions. However, without specific geographical coordinates or a map indicating their locations, it is not possible to accurately determine the direction. Therefore, the answer is:  cannot be determined.",stop,a,UNDET,True,True,
P074,1,underdetermined,2,place,salient,UNDET,"Roath Park is located to the south of Rhydypennau Wood. Therefore, the direction of Roath Park from Rhydypennau Wood is south.",stop,b,south,False,False,
P075,1,underdetermined,2,place,salient,UNDET,cannot be determined,stop,a,UNDET,True,True,
P076,1,underdetermined,2,unit,n/a,UNDET,The direction of Gerlan from Isaf cannot be determined.,stop,b,UNDET,True,True,
P077,1,underdetermined,2,unit,n/a,UNDET,West,stop,a,west,False,False,
P078,1,underdetermined,2,unit,n/a,UNDET,"To determine the direction of Bryneglwys from Llansantffraid Glyn Ceiriog using a four-sector compass frame, we need to consider their relative positions on a map.  Bryneglwys is located to the north-east of Llansantffraid Glyn Ceiriog. However, since we are using a four-sector compass frame where every direction is classified as exactly one of north, east, south, or west, we need to simplify this to one of those four directions.  In this case, since Bryneglwys is primarily to the north of Llansantffraid Glyn Ceiriog, the direction can be classified as north.  Therefore, the direction of Bryneglwys from Llansantffraid Glyn Ceiriog is north.",stop,b,north,False,False,
P079,1,underdetermined,2,unit,n/a,UNDET,The direction of North West from Trellewelyn cannot be determined.,stop,b,UNDET,True,True,
P080,1,underdetermined,2,unit,n/a,UNDET,"To determine the direction of Llay Community from Higher Kinnerton using a four-sector compass frame, we need to consider their relative positions on a map.  Llay Community is located to the southeast of Higher Kinnerton. However, since we are using a four-sector compass frame where every direction is classified as exactly one of north, east, south, or west, we need to simplify this direction.  In this simplified compass frame: - If a location is primarily to the north, it is classified as north. - If a location is primarily to the east, it is classified as east. - If a location is primarily to the south, it is classified as south. - If a location is primarily to the west, it is classified as west.  Since Llay Community is southeast of Higher Kinnerton, and we must choose between north, east, south, or west, the primary direction is east.  Therefore, the direction of Llay Community from Higher Kinnerton is east.",stop,b,east,False,False,
P081,1,underdetermined,2,unit,n/a,UNDET,The direction of Darowen from Llanwrglyn is east.,stop,b,east,False,False,
P082,1,underdetermined,2,unit,n/a,UNDET,"To determine the direction of Faenor Community from Tirymynach Community using a four-sector compass frame, we need to know their relative positions on a map. Faenor Community and Tirymynach Community are both located near Aberystwyth in Ceredigion, Wales.   Faenor Community is situated to the south of Tirymynach Community. Therefore, using the four-sector compass frame, the direction of Faenor Community from Tirymynach Community is south.",stop,b,south,False,False,
P083,1,underdetermined,2,unit,n/a,UNDET,"To determine the direction of Hakin from Thornton using a four-sector compass frame, we need to know their relative positions on a map. Hakin is located in Pembrokeshire, Wales, and is part of the town of Milford Haven. Thornton is a nearby area, also within the vicinity of Milford Haven.  Given their proximity, the direction from Thornton to Hakin can be approximated based on their general layout. Hakin is situated to the west of Thornton. Therefore, using the four-sector compass frame, the direction of Hakin from Thornton is:  west",stop,a,west,False,False,
P084,1,underdetermined,2,unit,n/a,UNDET,"To determine the direction of Glanyfferi from Pembrey using a four-sector compass frame, we need to know their relative positions on a map. Glanyfferi (also known as Ferryside) is located to the northwest of Pembrey. However, when using a four-sector compass frame, we simplify directions to north, east, south, or west.  Since Glanyfferi is northwest of Pembrey, and we must choose one of the four primary directions, the closest primary direction is north. Therefore, the direction of Glanyfferi from Pembrey is north.",stop,b,north,False,False,
P085,1,underdetermined,2,unit,n/a,UNDET,"Llwydcoed Community is located to the south of Rhigos Community. Therefore, the direction of Llwydcoed Community from Rhigos Community is south.",stop,b,south,False,False,
P086,1,underdetermined,2,unit,n/a,UNDET,Cannot be determined.,stop,a,UNDET,True,True,
P087,1,underdetermined,2,unit,n/a,UNDET,North,stop,a,north,False,False,
P088,1,underdetermined,2,unit,n/a,UNDET,East,stop,a,east,False,False,
P089,1,underdetermined,2,unit,n/a,UNDET,"Mountain Ash West is located to the south of Cwmbach. Therefore, the direction of Mountain Ash West from Cwmbach is south.",stop,b,south|west,False,False,
P090,1,underdetermined,2,unit,n/a,UNDET,"Caerwent is located to the east of Dewstow. Therefore, the direction of Caerwent from Dewstow is east.",stop,b,east,False,False,
P001,2,definite,1,place,non_salient,west,"The given fact is that Nant Ffynon-fawr is the primary west neighbour of Nant Cwm-byddar. This means that Nant Ffynon-fawr is located to the west of Nant Cwm-byddar.  Using the composition rule, we can analyze the direction:  - A direction composed with itself yields itself: This means if we consider the direction west and compose it with itself, it remains west. - A direction composed with its opposite yields no conclusion: West composed with east (its opposite) yields no conclusion. - A direction composed with an adjacent direction yields the set containing both: West composed with north or south (adjacent directions) would yield a set containing both directions.  However, since we are only given the fact that Nant Ffynon-fawr is the primary west neighbour of Nant Cwm-byddar, and there are no additional facts or compositions to consider, the direction from Nant Cwm-byddar to Nant Ffynon-fawr remains west.  Therefore, the conclusion about the direction of Nant Ffynon-fawr from Nant Cwm-byddar is: west.",stop,b,west,True,True,
P002,2,definite,1,place,salient,west,West,stop,a,west,True,True,
P003,2,definite,1,place,non_salient,west,West,stop,a,west,True,True,
P004,2,definite,1,place,salient,north,"Based on the given fact, ""Taldrwst Bach is the primary north neighbour of Pen Fynnon,"" we can conclude that Taldrwst Bach is directly north of Pen Fynnon. Therefore, the direction of Taldrwst Bach from Pen Fynnon is north.",stop,b,north,True,True,
P005,2,definite,1,place,non_salient,east,East,stop,a,east,True,True,
P006,2,definite,1,place,salient,east,East.,stop,a,east,True,True,
P007,2,definite,1,place,salient,south,South,stop,a,south,True,True,
P008,2,definite,1,unit,n/a,south,"The fact given is that Grosvenor is the primary south neighbour of Stansty. According to the composition rule, a direction composed with itself yields itself. Therefore, if we consider the direction from Stansty to Grosvenor, it is south. Since no other facts or compositions are provided that would alter this direction, the conclusion is that Grosvenor is south of Stansty. Thus, the direction of Grosvenor from Stansty is south.",stop,b,south,True,True,
P009,2,definite,1,unit,n/a,south,South,stop,a,south,True,True,
P010,2,definite,1,unit,n/a,west,"The given fact is that Llandow Community is the primary west neighbour of Llanfair Community. This means that Llandow is directly to the west of Llanfair.  According to the composition rule, a direction composed with itself yields itself. Therefore, if we consider the direction from Llanfair to Llandow, which is west, and compose it with itself, it remains west.  Thus, the direction of Llandow Community from Llanfair Community is west.",stop,b,west,True,True,
P011,2,definite,1,unit,n/a,west,West.,stop,a,west,True,True,
P012,2,definite,1,unit,n/a,east,East.,stop,a,east,True,True,
P013,2,definite,1,unit,n/a,south,"The fact given is that Forest and Ffwddog is the primary south neighbour of Cwmyoy. This means that from Cwmyoy, Forest and Ffwddog is directly to the south. Therefore, the direction of Forest and Ffwddog from Cwmyoy is south.",stop,b,south,True,True,
P014,2,definite,1,unit,n/a,south,South,stop,a,south,True,True,
P015,2,definite,1,unit,n/a,west,West,stop,a,west,True,True,
P016,2,definite,2,place,salient,west,"The facts given are:  1. Blaen-yr-Olchfa-Fâch is the primary west neighbour of Tor Clawdd. 2. Maes-Tir-Bach Cottage is the primary west neighbour of Blaen-yr-Olchfa-Fâch.  Using the composition rule:  - From Tor Clawdd, Blaen-yr-Olchfa-Fâch is to the west. - From Blaen-yr-Olchfa-Fâch, Maes-Tir-Bach Cottage is to the west.  When we compose west with west, according to the rule, it yields west.  Therefore, Maes-Tir-Bach Cottage is to the west of Tor Clawdd.  The conclusion is: west.",stop,b,west,True,True,
P017,2,definite,2,place,non_salient,east,"Based on the given facts and the composition rule, we can determine the direction of Bodelwyddan Park from Coed Bryn-y-pin as follows:  1. Kinmel Lodge is the primary east neighbour of Coed Bryn-y-pin. This means Kinmel Lodge is directly east of Coed Bryn-y-pin.  2. Bodelwyddan Park is the primary east neighbour of Kinmel Lodge. This means Bodelwyddan Park is directly east of Kinmel Lodge.  Using the composition rule, we can combine these directions:  - Coed Bryn-y-pin to Kinmel Lodge is east. - Kinmel Lodge to Bodelwyddan Park is east.  When we compose east with east, according to the composition rule, it yields east.  Therefore, Bodelwyddan Park is east of Coed Bryn-y-pin.  The answer is: east.",stop,b,east,True,True,
P018,2,definite,2,place,non_salient,east,"To determine the direction of Cwm Eunant from Eunant Fawr, we can use the given facts and the composition rule.  1. Eunant Fach is the primary east neighbour of Eunant Fawr. 2. Cwm Eunant is the primary east neighbour of Eunant Fach.  We need to find the direction of Cwm Eunant from Eunant Fawr. According to the composition rule, a direction composed with itself yields itself. Since both Eunant Fach and Cwm Eunant are east of their respective neighbours, we can compose these directions:  - From Eunant Fawr to Eunant Fach is east. - From Eunant Fach to Cwm Eunant is east.  Composing east with east yields east. Therefore, the direction of Cwm Eunant from Eunant Fawr is east.",stop,b,east,True,True,
P019,2,definite,2,place,non_salient,east,East.,stop,a,east,True,True,
P020,2,definite,2,place,salient,east,East.,stop,a,east,True,True,
P021,2,definite,2,place,salient,north,"Based on the given facts and the composition rule, we can determine the direction of Cae'r-Lan from Nant Llanilid as follows:  1. Nant Erin is the primary north neighbour of Nant Llanilid. This means Nant Erin is directly north of Nant Llanilid.  2. Cae'r-Lan is the primary north neighbour of Nant Erin. This means Cae'r-Lan is directly north of Nant Erin.  Using the composition rule, we can combine these directions:  - From Nant Llanilid to Nant Erin is north. - From Nant Erin to Cae'r-Lan is north.  Composing north with north yields north.  Therefore, Cae'r-Lan is north of Nant Llanilid.  The conclusion is: north.",stop,b,north,True,True,
P022,2,definite,2,place,salient,west,"From the given facts, we know:  1. Ysgubor y Parcau is the primary west neighbour of Old Breach Farm. 2. Castle-upon-Alun is the primary west neighbour of Ysgubor y Parcau.  Using the composition rule, we can determine the direction of Castle-upon-Alun from Old Breach Farm:  - Since Ysgubor y Parcau is west of Old Breach Farm, and Castle-upon-Alun is west of Ysgubor y Parcau, we can compose these directions. - West composed with west yields west.  Therefore, Castle-upon-Alun is west of Old Breach Farm.  The conclusion is: west.",stop,b,west,True,True,
P023,2,definite,2,place,salient,north,North.,stop,a,north,True,True,
P024,2,definite,2,unit,n/a,north,"To determine the direction of Efenechtyd from Bryneglwys, we can use the given facts and the composition rule.  1. From the facts:    - Llanelidan is the primary north neighbour of Bryneglwys.    - Efenechtyd is the primary north neighbour of Llanelidan.  2. Applying the composition rule:    - Since Llanelidan is north of Bryneglwys, and Efenechtyd is north of Llanelidan, we can compose these directions.    - North composed with north yields north.  Therefore, Efenechtyd is north of Bryneglwys. The answer is: north.",stop,b,north,True,True,
P025,2,definite,2,unit,n/a,south,"The facts provided are:  1. Cilcain Community is the primary south neighbour of Halkyn Community. 2. Llanferres is the primary south neighbour of Cilcain Community.  Using the composition rule:  - The direction from Halkyn Community to Cilcain Community is south. - The direction from Cilcain Community to Llanferres is south.  When we compose south with south, according to the composition rule, it yields south.  Therefore, the direction of Llanferres from Halkyn Community is south.",stop,b,south,True,True,
P026,2,definite,2,unit,n/a,west,"Penycae Community is the primary west neighbour of Esclusham Community, and Esclusham Community is the primary west neighbour of Marchwiel Community. According to the composition rule, a direction composed with itself yields itself. Therefore, the direction of Penycae Community from Marchwiel Community is west.",stop,b,west,True,True,
P027,2,definite,2,unit,n/a,south,South.,stop,a,south,True,True,
P028,2,definite,2,unit,n/a,north,"Based on the given facts and the composition rule, we can determine the direction of Llanerfyl from Trefeglwys Community as follows:  1. Carno is the primary north neighbour of Trefeglwys Community. This means Carno is directly north of Trefeglwys Community.  2. Llanerfyl is the primary north neighbour of Carno. This means Llanerfyl is directly north of Carno.  Using the composition rule, we can combine these directions:  - North of Trefeglwys Community (Carno) and north of Carno (Llanerfyl) results in Llanerfyl being north of Trefeglwys Community.  Therefore, the direction of Llanerfyl from Trefeglwys Community is north.",stop,b,north,True,True,
P029,2,definite,2,unit,n/a,west,"The facts provided are:  1. Court is the primary west neighbour of Cadoc. 2. Gibbonsdown is the primary west neighbour of Court.  We need to determine the direction of Gibbonsdown from Cadoc using the composition rule.  According to the composition rule: - A direction composed with itself yields itself. - A direction composed with its opposite yields no conclusion. - A direction composed with an adjacent direction yields the set containing both.  Let's apply the facts:  - From fact 1, Court is west of Cadoc. - From fact 2, Gibbonsdown is west of Court.  Now, we compose these directions: - West (Court from Cadoc) composed with West (Gibbonsdown from Court) yields West (Gibbonsdown from Cadoc).  Therefore, the direction of Gibbonsdown from Cadoc is west.",stop,b,west,True,True,
P030,2,definite,2,unit,n/a,north,"To determine the direction of Upper Cwmbran Community from Henllys, we can use the given facts and the composition rule.  1. Fairwater Community is the primary north neighbour of Henllys. 2. Upper Cwmbran Community is the primary north neighbour of Fairwater Community.  We need to find the direction of Upper Cwmbran Community from Henllys.   - From Henllys to Fairwater Community is north. - From Fairwater Community to Upper Cwmbran Community is north.  According to the composition rule, a direction composed with itself yields itself. Therefore, north composed with north is north.  Thus, the direction of Upper Cwmbran Community from Henllys is north.",stop,b,north,True,True,
P031,2,disjunctive,2,place,salient,east|south,"To determine the direction of Aberyscir from Cil-Rhûdd, we can analyze the given facts and apply the composition rule.  1. Tor-y-ffynnon is the primary south neighbour of Cil-Rhûdd. This means Tor-y-ffynnon is directly south of Cil-Rhûdd.  2. Aberyscir is the primary east neighbour of Tor-y-ffynnon. This means Aberyscir is directly east of Tor-y-ffynnon.  Now, we need to determine the direction of Aberyscir from Cil-Rhûdd:  - From Cil-Rhûdd, moving south takes us to Tor-y-ffynnon. - From Tor-y-ffynnon, moving east takes us to Aberyscir.  According to the composition rule, a direction composed with an adjacent direction yields the set containing both. South and east are adjacent directions, so composing south with east yields the set {south, east}.  Therefore, the direction of Aberyscir from Cil-Rhûdd is ""south or east"".",stop,b,east|south,True,True,
P032,2,disjunctive,2,place,salient,east|south,"To determine the direction of Tre-Banog-Fawr from Voel Cottages, we can use the given facts and the composition rule.  1. From the first fact, we know that Tre-Banog-Fach is the primary south neighbour of Voel Cottages. This means Tre-Banog-Fach is directly south of Voel Cottages.  2. From the second fact, we know that Tre-Banog-Fawr is the primary east neighbour of Tre-Banog-Fach. This means Tre-Banog-Fawr is directly east of Tre-Banog-Fach.  Now, we need to determine the direction of Tre-Banog-Fawr from Voel Cottages:  - Tre-Banog-Fach is south of Voel Cottages. - Tre-Banog-Fawr is east of Tre-Banog-Fach.  Using the composition rule, a direction composed with an adjacent direction yields the set containing both. Therefore, if we move south from Voel Cottages to Tre-Banog-Fach and then east to Tre-Banog-Fawr, the direction from Voel Cottages to Tre-Banog-Fawr is a combination of south and east.  Thus, the direction of Tre-Banog-Fawr from Voel Cottages is ""south or east.""",stop,b,east|south,True,True,
P033,2,disjunctive,2,place,non_salient,north|west,"To determine the direction of Twr y Fan Foel from Llyn y Fan Fawr, we can use the given facts and the composition rule.  1. From the facts, we know:    - Fan Brycheiniog is the primary west neighbour of Llyn y Fan Fawr.    - Twr y Fan Foel is the primary north neighbour of Fan Brycheiniog.  2. We need to find the direction of Twr y Fan Foel from Llyn y Fan Fawr. We can do this by composing the directions:    - From Llyn y Fan Fawr to Fan Brycheiniog is west.    - From Fan Brycheiniog to Twr y Fan Foel is north.  3. According to the composition rule:    - A direction composed with an adjacent direction yields the set containing both directions.  4. West and north are adjacent directions. Therefore, composing west with north yields the set: 'north or west'.  Thus, the direction of Twr y Fan Foel from Llyn y Fan Fawr is 'north or west'.",stop,b,north|west,True,True,
P034,2,disjunctive,2,place,salient,north|west,"To determine the direction of Llettyllwydrew Farm from Cefn-Goleu, we can use the given facts and the composition rule.  1. Allt Pen-deri is the primary west neighbour of Cefn-Goleu. This means Allt Pen-deri is directly west of Cefn-Goleu.  2. Llettyllwydrew Farm is the primary north neighbour of Allt Pen-deri. This means Llettyllwydrew Farm is directly north of Allt Pen-deri.  Now, we need to determine the direction of Llettyllwydrew Farm from Cefn-Goleu:  - From Cefn-Goleu, move west to reach Allt Pen-deri. - From Allt Pen-deri, move north to reach Llettyllwydrew Farm.  According to the composition rule: - A direction composed with an adjacent direction yields the set containing both.  West and north are adjacent directions. Therefore, composing west with north yields the set containing both directions: 'north or west'.  Thus, the direction of Llettyllwydrew Farm from Cefn-Goleu is 'north or west'.",stop,b,north|west,True,True,
P035,2,disjunctive,2,place,non_salient,east|south,"To determine the direction of Gwarllwyn Wood from Afon Clyn-maen, we can use the given facts and the composition rule.  1. Foeldrygarn is the primary east neighbour of Afon Clyn-maen. 2. Gwarllwyn Wood is the primary south neighbour of Foeldrygarn.  We need to find the direction from Afon Clyn-maen to Gwarllwyn Wood. According to the composition rule:  - A direction composed with an adjacent direction yields the set containing both.  From Afon Clyn-maen to Foeldrygarn is east. From Foeldrygarn to Gwarllwyn Wood is south. East and south are adjacent directions. Therefore, the direction from Afon Clyn-maen to Gwarllwyn Wood is the set containing both east and south.  Thus, the direction of Gwarllwyn Wood from Afon Clyn-maen is ""east or south"".",stop,b,east|south,True,True,
P036,2,disjunctive,2,place,non_salient,east|south,"To determine the direction of Mynydd Glan-llyn-y-forwyn from Clip, we can use the given facts and the composition rule.  1. Llyn Cwm Mynach is the primary south neighbour of Clip. This means Llyn Cwm Mynach is directly south of Clip.  2. Mynydd Glan-llyn-y-forwyn is the primary east neighbour of Llyn Cwm Mynach. This means Mynydd Glan-llyn-y-forwyn is directly east of Llyn Cwm Mynach.  Now, we need to determine the direction of Mynydd Glan-llyn-y-forwyn from Clip:  - From Clip, Llyn Cwm Mynach is to the south. - From Llyn Cwm Mynach, Mynydd Glan-llyn-y-forwyn is to the east.  According to the composition rule, a direction composed with an adjacent direction yields the set containing both. South and east are adjacent directions, so composing south with east yields the set 'south or east'.  Therefore, the direction of Mynydd Glan-llyn-y-forwyn from Clip is 'south or east'.",stop,b,east|south,True,True,
P037,2,disjunctive,2,place,salient,north|east,East,stop,a,east,False,True,
P038,2,disjunctive,2,place,salient,south|west,"The facts provided are:  1. Pant-y-Siglan is the primary south neighbour of Garth Mountain. 2. Cae'r-Geiliog is the primary west neighbour of Pant-y-Siglan.  We need to determine the direction of Cae'r-Geiliog from Garth Mountain.  Using the composition rule:  - From Garth Mountain, Pant-y-Siglan is to the south. - From Pant-y-Siglan, Cae'r-Geiliog is to the west.  Composing south with west, which are adjacent directions, yields the set containing both directions: 'south or west'.  Therefore, the direction of Cae'r-Geiliog from Garth Mountain can be concluded as 'south or west'.",stop,b,south|west,True,True,
P039,2,disjunctive,2,place,salient,north|west,"To determine the direction of Rhedynog Felen Fawr from Traeth Abermaw / Barmouth Beach, we can use the given facts and the composition rule.  1. Ynysgain Fawr is the primary west neighbour of Traeth Abermaw / Barmouth Beach. This means Ynysgain Fawr is directly west of Traeth Abermaw / Barmouth Beach.  2. Rhedynog Felen Fawr is the primary north neighbour of Ynysgain Fawr. This means Rhedynog Felen Fawr is directly north of Ynysgain Fawr.  Now, we need to determine the direction of Rhedynog Felen Fawr from Traeth Abermaw / Barmouth Beach:  - From Traeth Abermaw / Barmouth Beach, we go west to reach Ynysgain Fawr. - From Ynysgain Fawr, we go north to reach Rhedynog Felen Fawr.  According to the composition rule: - A direction composed with an adjacent direction yields the set containing both.  West and north are adjacent directions. Therefore, composing west with north yields the set containing both directions: 'north or west'.  Thus, the direction of Rhedynog Felen Fawr from Traeth Abermaw / Barmouth Beach is 'north or west'.",stop,b,north|west,True,True,
P040,2,disjunctive,2,place,salient,south|west,"To determine the direction of Capel Newydd from Coed Rhôs-gwerthyr, we need to analyze the given facts and apply the composition rule.  1. Gwinllan Rhos-capel-newydd is the primary south neighbour of Coed Rhôs-gwerthyr. This means Gwinllan Rhos-capel-newydd is directly south of Coed Rhôs-gwerthyr.  2. Capel Newydd is the primary west neighbour of Gwinllan Rhos-capel-newydd. This means Capel Newydd is directly west of Gwinllan Rhos-capel-newydd.  Now, let's apply the composition rule:  - From Coed Rhôs-gwerthyr, Gwinllan Rhos-capel-newydd is to the south. - From Gwinllan Rhos-capel-newydd, Capel Newydd is to the west.  According to the composition rule, a direction composed with an adjacent direction yields the set containing both. Therefore, from Coed Rhôs-gwerthyr, Capel Newydd is in the direction that is a composition of south and west.  Thus, the direction of Capel Newydd from Coed Rhôs-gwerthyr is 'south or west'.",stop,b,south|west,True,True,
P041,2,disjunctive,2,place,non_salient,north|west,"To determine the direction of Hall Green from Mannings Green, we can use the given facts and the composition rule.  1. Mannings Lane Cottage is the primary west neighbour of Mannings Green. 2. Hall Green is the primary north neighbour of Mannings Lane Cottage.  We need to find the direction of Hall Green from Mannings Green.   - From Mannings Green, Mannings Lane Cottage is to the west. - From Mannings Lane Cottage, Hall Green is to the north.  According to the composition rule: - A direction composed with an adjacent direction yields the set containing both.  West (from Mannings Green to Mannings Lane Cottage) composed with North (from Mannings Lane Cottage to Hall Green) yields the set containing both directions: 'north or west'.  Therefore, the direction of Hall Green from Mannings Green can be concluded as 'north or west'.",stop,b,north|west,True,True,
P042,2,disjunctive,2,place,non_salient,east|south,"To determine the direction of Pen-y-bryn Dingle from Llyn y Briw, we can use the given facts and the composition rule.  1. Wenallt Cottage is the primary east neighbour of Llyn y Briw. 2. Pen-y-bryn Dingle is the primary south neighbour of Wenallt Cottage.  We need to find the direction from Llyn y Briw to Pen-y-bryn Dingle.   - From Llyn y Briw to Wenallt Cottage is east. - From Wenallt Cottage to Pen-y-bryn Dingle is south.  According to the composition rule, a direction composed with an adjacent direction yields the set containing both directions. East and south are adjacent directions, so:  East composed with south yields the set: 'east or south'.  Therefore, the direction of Pen-y-bryn Dingle from Llyn y Briw can be concluded as 'east or south'.",stop,b,east|south,True,True,
P043,2,disjunctive,2,place,non_salient,south|west,"To determine the direction of Afon Corris from Coed Pen-bedw, we can use the given facts and the composition rule.  1. From the facts:    - Capel Corris is the primary south neighbour of Coed Pen-bedw.    - Afon Corris is the primary west neighbour of Capel Corris.  2. Using the composition rule:    - If Capel Corris is south of Coed Pen-bedw, and Afon Corris is west of Capel Corris, we need to determine the direction from Coed Pen-bedw to Afon Corris.    - South composed with west (an adjacent direction) yields the set containing both: 'south or west'.  Therefore, the direction of Afon Corris from Coed Pen-bedw is 'south or west'.",stop,b,south|west,True,True,
P044,2,disjunctive,2,place,salient,east|south,"To determine the direction of Scurlage from Llanddewi, we can use the given facts and the composition rule.  1. From the facts, we know:    - Monksland Farm is the primary south neighbour of Llanddewi.    - Scurlage is the primary east neighbour of Monksland Farm.  2. According to the composition rule:    - A direction composed with an adjacent direction yields the set containing both.  3. Applying the facts:    - From Llanddewi, Monksland Farm is to the south.    - From Monksland Farm, Scurlage is to the east.  4. Composing these directions:    - South (from Llanddewi to Monksland Farm) composed with east (from Monksland Farm to Scurlage) results in the set containing both south and east.  Therefore, the direction of Scurlage from Llanddewi can be concluded as 'south or east'.",stop,b,east|south,True,True,
P045,2,disjunctive,2,place,non_salient,south|west,"To determine the direction of Coed y Cym from Afon Clarach, we can use the given facts and the composition rule.  1. From the fact ""Cwm Hedd is the primary south neighbour of Afon Clarach,"" we know that Cwm Hedd is directly south of Afon Clarach.  2. From the fact ""Coed y Cym is the primary west neighbour of Cwm Hedd,"" we know that Coed y Cym is directly west of Cwm Hedd.  Now, we need to determine the direction of Coed y Cym from Afon Clarach:  - If we start at Afon Clarach and move south, we reach Cwm Hedd. - From Cwm Hedd, moving west, we reach Coed y Cym.  According to the composition rule, a direction composed with an adjacent direction yields the set containing both directions. South and west are adjacent directions, so composing south with west yields the set ""south or west.""  Therefore, the direction of Coed y Cym from Afon Clarach is ""south or west.""",stop,b,south|west,True,True,
P046,2,disjunctive,2,unit,n/a,east|south,"To determine the direction of Betws Garmon Community from Bontnewydd Community, we can use the given facts and the composition rule.  1. Waunfawr Community is the primary east neighbour of Bontnewydd Community. 2. Betws Garmon Community is the primary south neighbour of Waunfawr Community.  We need to find the direction of Betws Garmon Community from Bontnewydd Community.  - From Bontnewydd to Waunfawr is east. - From Waunfawr to Betws Garmon is south.  According to the composition rule: - A direction composed with an adjacent direction yields the set containing both.  East and south are adjacent directions. Therefore, composing east with south yields the set containing both directions: 'east or south'.  Thus, the direction of Betws Garmon Community from Bontnewydd Community is 'east or south'.",stop,b,east|south,True,True,
P047,2,disjunctive,2,unit,n/a,south|west,"The facts provided are:  1. Llanfihangel-y-Pennant is the primary south neighbour of Arthog Community. 2. Bryn-Crug is the primary west neighbour of Llanfihangel-y-Pennant.  We need to determine the direction of Bryn-Crug from Arthog Community.  Using the composition rule:  - From Arthog Community, Llanfihangel-y-Pennant is to the south. - From Llanfihangel-y-Pennant, Bryn-Crug is to the west.  According to the composition rule, a direction composed with an adjacent direction yields the set containing both. South and west are adjacent directions, so composing south with west yields the set 'south or west'.  Therefore, the direction of Bryn-Crug from Arthog Community can be concluded as 'south or west'.",stop,b,south|west,True,True,
P048,2,disjunctive,2,unit,n/a,north|west,"To determine the direction of Peblig from Rhosgadfan, we can use the given facts and the composition rule.  1. Caethro is the primary north neighbour of Rhosgadfan. This means Caethro is directly north of Rhosgadfan.  2. Peblig is the primary west neighbour of Caethro. This means Peblig is directly west of Caethro.  Now, we need to determine the direction of Peblig from Rhosgadfan by composing these directions:  - From Rhosgadfan to Caethro is north. - From Caethro to Peblig is west.  According to the composition rule, a direction composed with an adjacent direction yields the set containing both. North and west are adjacent directions, so composing north with west yields the set containing both directions: 'north or west'.  Therefore, the direction of Peblig from Rhosgadfan is 'north or west'.",stop,b,north|west,True,True,
P049,2,disjunctive,2,unit,n/a,north|west,"To determine the direction of Meifod from Castle Caereinion, we can use the given facts and the composition rule.  1. Guilsfield Community is the primary north neighbour of Castle Caereinion. This means Guilsfield Community is directly north of Castle Caereinion.  2. Meifod is the primary west neighbour of Guilsfield Community. This means Meifod is directly west of Guilsfield Community.  Now, we need to determine the direction of Meifod from Castle Caereinion:  - From Castle Caereinion, Guilsfield Community is to the north. - From Guilsfield Community, Meifod is to the west.  According to the composition rule, a direction composed with an adjacent direction yields the set containing both. North and west are adjacent directions, so composing north with west yields the set containing both directions: 'north or west'.  Therefore, the direction of Meifod from Castle Caereinion is 'north or west'.",stop,b,north|west,True,True,
P050,2,disjunctive,2,unit,n/a,north|west,"To determine the direction of Rhayader Community from Nantmel, we can use the given facts and the composition rule.  1. From the facts, we know:    - Llanwrthwl is the primary west neighbour of Nantmel.    - Rhayader Community is the primary north neighbour of Llanwrthwl.  2. We need to find the direction of Rhayader Community from Nantmel.  3. According to the composition rule:    - A direction composed with an adjacent direction yields the set containing both.  4. Since Llanwrthwl is west of Nantmel, and Rhayader Community is north of Llanwrthwl, we need to compose ""west"" with ""north.""  5. West and north are adjacent directions. Therefore, composing them yields the set containing both: ""north or west.""  Thus, the direction of Rhayader Community from Nantmel can be concluded as ""north or west.""",stop,b,north|west,True,True,
P051,2,disjunctive,2,unit,n/a,north|west,"The facts provided are:  1. Llanbadarn Fawr Community is the primary north neighbour of Llanfarian Community. 2. Aberystwyth Community is the primary west neighbour of Llanbadarn Fawr Community.  We need to determine the direction of Aberystwyth Community from Llanfarian Community.  Using the composition rule:  - From Llanfarian Community, Llanbadarn Fawr Community is to the north. - From Llanbadarn Fawr Community, Aberystwyth Community is to the west.  According to the composition rule, a direction composed with an adjacent direction yields the set containing both. North and west are adjacent directions, so composing north with west yields the set 'north or west'.  Therefore, the direction of Aberystwyth Community from Llanfarian Community can be concluded as 'north or west'.",stop,b,north|west,True,True,
P052,2,disjunctive,2,unit,n/a,north|east,"The facts provided are:  1. Llanbadarn Fawr Community is the primary east neighbour of Aberystwyth Community. 2. Faenor Community is the primary north neighbour of Llanbadarn Fawr Community.  We need to determine the direction of Faenor Community from Aberystwyth Community using the composition rule.  - From Aberystwyth Community, Llanbadarn Fawr Community is to the east. - From Llanbadarn Fawr Community, Faenor Community is to the north.  According to the composition rule, a direction composed with an adjacent direction yields the set containing both. East and north are adjacent directions.  Therefore, the direction of Faenor Community from Aberystwyth Community is the set: 'north or east'.",stop,b,north|east,True,True,
P053,2,disjunctive,2,unit,n/a,north|east,"To determine the direction of Pencarreg from Llanllwni, we can use the given facts and the composition rule.  1. From the facts:    - Llanybydder Community is the primary east neighbour of Llanllwni.    - Pencarreg is the primary north neighbour of Llanybydder Community.  2. Applying the composition rule:    - Since Llanybydder Community is east of Llanllwni, and Pencarreg is north of Llanybydder Community, we need to determine the direction of Pencarreg from Llanllwni.    - Composing east (Llanybydder Community from Llanllwni) with north (Pencarreg from Llanybydder Community) results in the set containing both north and east, according to the rule for adjacent directions.  Therefore, the direction of Pencarreg from Llanllwni can be concluded as 'north or east'.",stop,b,north|east,True,True,
P054,2,disjunctive,2,unit,n/a,north|east,"To determine the direction of Godre'r Graig from Allt-wen, we can use the given facts and the composition rule.  1. Pontardawe is the primary north neighbour of Allt-wen. This means Pontardawe is directly north of Allt-wen.  2. Godre'r Graig is the primary east neighbour of Pontardawe. This means Godre'r Graig is directly east of Pontardawe.  Now, we need to determine the direction from Allt-wen to Godre'r Graig:  - From Allt-wen, moving north takes us to Pontardawe. - From Pontardawe, moving east takes us to Godre'r Graig.  According to the composition rule, a direction composed with an adjacent direction yields the set containing both directions. North and east are adjacent directions, so composing north with east yields the set {north, east}.  Therefore, the direction of Godre'r Graig from Allt-wen can be concluded as ""north or east.""",stop,b,north|east,True,True,
P055,2,disjunctive,2,unit,n/a,east|south,"To determine the direction of Coity Higher Community from Ynysawdre Community, we can analyze the given facts and apply the composition rule.  1. Newcastle Higher Community is the primary south neighbour of Ynysawdre Community. This means Newcastle Higher is directly south of Ynysawdre.  2. Coity Higher Community is the primary east neighbour of Newcastle Higher Community. This means Coity Higher is directly east of Newcastle Higher.  Now, let's apply the composition rule:  - From Ynysawdre, moving south takes us to Newcastle Higher. - From Newcastle Higher, moving east takes us to Coity Higher.  According to the composition rule, a direction composed with an adjacent direction yields the set containing both. South and east are adjacent directions, so moving south and then east from Ynysawdre results in a direction that is a combination of south and east.  Therefore, the direction of Coity Higher Community from Ynysawdre Community is 'south or east'.",stop,b,east|south,True,True,
P056,2,disjunctive,2,unit,n/a,north|west,"To determine the direction of Abertysswg from Cwmsyfiog, we need to analyze the given facts and apply the composition rule.  1. From the first fact, we know that Central and West is the primary north neighbour of Cwmsyfiog. This means Central and West is directly north of Cwmsyfiog.  2. From the second fact, Abertysswg is the primary west neighbour of Central and West. This means Abertysswg is directly west of Central and West.  Now, we need to determine the direction of Abertysswg from Cwmsyfiog:  - Cwmsyfiog to Central and West is north. - Central and West to Abertysswg is west.  According to the composition rule, a direction composed with an adjacent direction yields the set containing both directions. North and west are adjacent directions, so composing north with west yields the set containing both: 'north or west'.  Therefore, the direction of Abertysswg from Cwmsyfiog can be concluded as 'north or west'.",stop,b,north|west,True,True,
P057,2,disjunctive,2,unit,n/a,north|east,"To determine the direction of Llanvaches from Langstone Community, we can use the given facts and the composition rule.  1. Penhow is the primary east neighbour of Langstone Community. 2. Llanvaches is the primary north neighbour of Penhow.  According to the composition rule: - A direction composed with an adjacent direction yields the set containing both.  Since Penhow is east of Langstone Community and Llanvaches is north of Penhow, the direction from Langstone Community to Llanvaches involves moving east and then north. These are adjacent directions, so according to the rule, the composed direction is the set containing both directions: 'north or east'.  Therefore, the direction of Llanvaches from Langstone Community is 'north or east'.",stop,b,north|east,True,True,
P058,2,disjunctive,2,unit,n/a,south|west,"To determine the direction of Redwick from Rogiet, we can use the given facts and the composition rule.  1. We know that Magor with Undy Community is the primary south neighbour of Rogiet. This means Magor with Undy Community is directly south of Rogiet.  2. We also know that Redwick is the primary west neighbour of Magor with Undy Community. This means Redwick is directly west of Magor with Undy Community.  Now, we need to determine the direction of Redwick from Rogiet:  - From Rogiet, moving south takes us to Magor with Undy Community. - From Magor with Undy Community, moving west takes us to Redwick.  According to the composition rule, a direction composed with an adjacent direction yields the set containing both directions. Since south and west are adjacent directions, composing them gives us the set containing both: 'south or west'.  Therefore, the direction of Redwick from Rogiet can be concluded as 'south or west'.",stop,b,south|west,True,True,
P059,2,disjunctive,2,unit,n/a,east|south,"The direction of Trowbridge from Old St. Mellons can be determined using the given facts and the composition rule.  1. Marshfield is the primary east neighbour of Old St. Mellons. 2. Trowbridge is the primary south neighbour of Marshfield.  Using the composition rule: - The direction from Old St. Mellons to Marshfield is east. - The direction from Marshfield to Trowbridge is south.  According to the composition rule, a direction composed with an adjacent direction yields the set containing both. East and south are adjacent directions, so composing east with south yields the set containing both directions: 'east or south'.  Therefore, the direction of Trowbridge from Old St. Mellons is 'east or south'.",stop,b,east|south,True,True,
P060,2,disjunctive,2,unit,n/a,north|east,"The facts provided are:  1. Mitchel Troy Community is the primary east neighbour of Raglan Community. 2. Whitecastle Community is the primary north neighbour of Mitchel Troy Community.  We need to determine the direction of Whitecastle Community from Raglan Community using the composition rule.  - From Raglan Community, Mitchel Troy Community is to the east. - From Mitchel Troy Community, Whitecastle Community is to the north.  According to the composition rule: - A direction composed with an adjacent direction yields the set containing both.  Since east and north are adjacent directions, composing east (from Raglan to Mitchel Troy) with north (from Mitchel Troy to Whitecastle) yields the set containing both directions: 'north or east'.  Therefore, the direction of Whitecastle Community from Raglan Community is 'north or east'.",stop,b,north|east,True,True,
P061,2,underdetermined,2,place,salient,UNDET,"The facts provided are:  1. Ynysmeudwy is the primary east neighbour of Pontardawe. 2. Gellifowy-Ganol is the primary west neighbour of Ynysmeudwy.  We need to determine the direction of Gellifowy-Ganol from Pontardawe.  Using the composition rule:  - From Pontardawe, Ynysmeudwy is to the east. - From Ynysmeudwy, Gellifowy-Ganol is to the west.  When we compose east (from Pontardawe to Ynysmeudwy) with west (from Ynysmeudwy to Gellifowy-Ganol), the rule states that a direction composed with its opposite (east with west) yields no conclusion.  Therefore, the direction of Gellifowy-Ganol from Pontardawe cannot be determined based on the given facts and rule.  The answer is: cannot be determined.",stop,b,UNDET,True,True,
P062,2,underdetermined,2,place,salient,UNDET,"To determine the direction of Ffynnon-Watty from Cwm Connell, we can use the given facts and the composition rule.  1. From the facts, we know:    - Glandwr-Ceibwr is the primary west neighbour of Cwm Connell.    - Ffynnon-Watty is the primary east neighbour of Glandwr-Ceibwr.  2. Using the composition rule:    - Since Glandwr-Ceibwr is west of Cwm Connell, and Ffynnon-Watty is east of Glandwr-Ceibwr, we need to determine the direction from Cwm Connell to Ffynnon-Watty.    - West composed with east (opposite directions) yields no conclusion.  Therefore, based on the facts and the composition rule, the direction of Ffynnon-Watty from Cwm Connell cannot be determined.",stop,b,UNDET,True,True,
P063,2,underdetermined,2,place,salient,UNDET,"The facts provided are:  1. Cefnen Wen is the primary north neighbour of Nant y Creau. 2. Hafod-y-dre-uchaf is the primary south neighbour of Cefnen Wen.  We need to determine the direction of Hafod-y-dre-uchaf from Nant y Creau.  From fact 1, we know that Cefnen Wen is north of Nant y Creau. From fact 2, we know that Hafod-y-dre-uchaf is south of Cefnen Wen.  Using the composition rule, if we move north from Nant y Creau to Cefnen Wen and then south to Hafod-y-dre-uchaf, we are essentially moving back towards the original position relative to Nant y Creau. Therefore, the direction of Hafod-y-dre-uchaf from Nant y Creau is south.  Thus, the conclusion is: south.",stop,b,south,False,False,
P064,2,underdetermined,2,place,non_salient,UNDET,"To determine the direction of Bryn yr Helfa from Llyn Tryweryn, we can use the given facts and the composition rule.  1. Moel y Slates is the primary south neighbour of Llyn Tryweryn. This means Moel y Slates is directly south of Llyn Tryweryn.  2. Bryn yr Helfa is the primary north neighbour of Moel y Slates. This means Bryn yr Helfa is directly north of Moel y Slates.  Now, we need to determine the direction of Bryn yr Helfa from Llyn Tryweryn:  - From Llyn Tryweryn, moving south takes us to Moel y Slates. - From Moel y Slates, moving north takes us to Bryn yr Helfa.  According to the composition rule, a direction composed with its opposite yields no conclusion. Here, moving south and then north are opposite directions, so they cancel each other out.  Therefore, the direction of Bryn yr Helfa from Llyn Tryweryn cannot be determined based on the given facts and rule.  The answer is: cannot be determined.",stop,b,UNDET,True,True,
P065,2,underdetermined,2,place,non_salient,UNDET,"To determine the direction of Nant Cwm-dwr from Moel Maes-y-wern-goch, we can use the given facts and the composition rule.  1. From the facts:    - Mynydd Cefn-caer is the primary west neighbour of Moel Maes-y-wern-goch.    - Nant Cwm-dwr is the primary east neighbour of Mynydd Cefn-caer.  2. Using the composition rule:    - If Mynydd Cefn-caer is west of Moel Maes-y-wern-goch, then moving east from Mynydd Cefn-caer would bring us back towards Moel Maes-y-wern-goch.    - However, since Nant Cwm-dwr is east of Mynydd Cefn-caer, it suggests that Nant Cwm-dwr is further east relative to Moel Maes-y-wern-goch.  3. Composition:    - West (from Moel Maes-y-wern-goch to Mynydd Cefn-caer) composed with East (from Mynydd Cefn-caer to Nant Cwm-dwr) results in a set containing both east and west directions relative to Moel Maes-y-wern-goch.  Therefore, the direction of Nant Cwm-dwr from Moel Maes-y-wern-goch can be concluded as ""east or west.""",stop,b,east|west,False,False,
P066,2,underdetermined,2,place,salient,UNDET,"The facts provided are:  1. Tyddyn-y-Bluen is the primary west neighbour of Pontwgan. 2. Cefn Farmhouse is the primary east neighbour of Tyddyn-y-Bluen.  We need to determine the direction of Cefn Farmhouse from Pontwgan.  - From fact 1, we know that Tyddyn-y-Bluen is to the west of Pontwgan. - From fact 2, Cefn Farmhouse is to the east of Tyddyn-y-Bluen.  Using the composition rule:  - West (Tyddyn-y-Bluen from Pontwgan) composed with East (Cefn Farmhouse from Tyddyn-y-Bluen) yields a set containing both west and east, as they are adjacent directions.  Therefore, the direction of Cefn Farmhouse from Pontwgan can be concluded as 'west or east'.",stop,b,east|west,False,False,
P067,2,underdetermined,2,place,non_salient,UNDET,"The facts provided are:  1. Dulyn Bothy is the primary north neighbour of Nant Tal-y-waun. 2. Pen yr Helgi Du is the primary south neighbour of Dulyn Bothy.  We need to determine the direction of Pen yr Helgi Du from Nant Tal-y-waun.  From fact 1, we know that Dulyn Bothy is north of Nant Tal-y-waun. From fact 2, we know that Pen yr Helgi Du is south of Dulyn Bothy.  Using the composition rule, if Dulyn Bothy is north of Nant Tal-y-waun and Pen yr Helgi Du is south of Dulyn Bothy, then Pen yr Helgi Du is in the direction composed of north and south from Nant Tal-y-waun. According to the rule, a direction composed with its opposite (north and south) yields no conclusion.  Therefore, the direction of Pen yr Helgi Du from Nant Tal-y-waun cannot be determined.",stop,b,UNDET,True,True,
P068,2,underdetermined,2,place,salient,UNDET,"The facts provided are:  1. Tyddyn-Siencyn is the primary west neighbour of Frogwy Fawr. 2. Erw Fach is the primary east neighbour of Tyddyn-Siencyn.  We need to determine the direction of Erw Fach from Frogwy Fawr using the composition rule.  From fact 1, we know that Tyddyn-Siencyn is west of Frogwy Fawr. From fact 2, we know that Erw Fach is east of Tyddyn-Siencyn.  Using the composition rule:  - West (direction from Frogwy Fawr to Tyddyn-Siencyn) composed with East (direction from Tyddyn-Siencyn to Erw Fach) yields the set containing both directions: west or east.  Therefore, the direction of Erw Fach from Frogwy Fawr can be concluded as 'west or east'.",stop,b,east|west,False,False,
P069,2,underdetermined,2,place,salient,UNDET,"The facts provided are:  1. Pen y Sgoits is the primary east neighbour of Gwinllan Rhos-capel-newydd. 2. Pandy Saethon is the primary west neighbour of Pen y Sgoits.  We need to determine the direction of Pandy Saethon from Gwinllan Rhos-capel-newydd using the composition rule.  From fact 1, we know that Pen y Sgoits is east of Gwinllan Rhos-capel-newydd. From fact 2, we know that Pandy Saethon is west of Pen y Sgoits.  Using the composition rule, we can combine these directions:  - East (from Gwinllan Rhos-capel-newydd to Pen y Sgoits) composed with West (from Pen y Sgoits to Pandy Saethon) yields no conclusion, as a direction composed with its opposite yields no conclusion.  Therefore, based on the facts and the composition rule, the direction of Pandy Saethon from Gwinllan Rhos-capel-newydd cannot be determined.",stop,b,UNDET,True,True,
P070,2,underdetermined,2,place,salient,UNDET,"The direction of Forest Hills from Rhosywaun can be determined as follows:  1. Halton is the primary east neighbour of Rhosywaun. This means Halton is directly east of Rhosywaun. 2. Forest Hills is the primary west neighbour of Halton. This means Forest Hills is directly west of Halton.  Now, we need to determine the direction of Forest Hills from Rhosywaun:  - Since Halton is east of Rhosywaun, and Forest Hills is west of Halton, Forest Hills must be west of Rhosywaun.  Therefore, the direction of Forest Hills from Rhosywaun is west.",stop,b,west,False,False,
P071,2,underdetermined,2,place,non_salient,UNDET,"To determine the direction of Afon Cerniog from Coed yr Hendre, we can use the given facts and the composition rule.  1. Bryn y Gadair is the primary south neighbour of Coed yr Hendre. This means Bryn y Gadair is directly south of Coed yr Hendre.  2. Afon Cerniog is the primary north neighbour of Bryn y Gadair. This means Afon Cerniog is directly north of Bryn y Gadair.  Now, we need to determine the direction of Afon Cerniog from Coed yr Hendre:  - From Coed yr Hendre, moving south takes us to Bryn y Gadair. - From Bryn y Gadair, moving north takes us to Afon Cerniog.  According to the composition rule, a direction composed with its opposite yields no conclusion. Since moving south from Coed yr Hendre to Bryn y Gadair and then north to Afon Cerniog involves opposite directions (south and north), we cannot directly conclude a single direction from Coed yr Hendre to Afon Cerniog.  Therefore, the direction of Afon Cerniog from Coed yr Hendre cannot be determined.",stop,b,UNDET,True,True,
P072,2,underdetermined,2,place,salient,UNDET,"To determine the direction of Caerwys Hall Farm from Coed y Ffrith, we can analyze the given facts and apply the composition rule.  1. Plâs-Cerrig Farm is the primary west neighbour of Coed y Ffrith. This means Plâs-Cerrig Farm is directly west of Coed y Ffrith.  2. Caerwys Hall Farm is the primary east neighbour of Plâs-Cerrig Farm. This means Caerwys Hall Farm is directly east of Plâs-Cerrig Farm.  Now, let's apply the composition rule:  - From Coed y Ffrith, moving west takes us to Plâs-Cerrig Farm. - From Plâs-Cerrig Farm, moving east takes us to Caerwys Hall Farm.  Since moving west and then east are opposite directions, according to the composition rule, they yield no conclusion about the direct direction from Coed y Ffrith to Caerwys Hall Farm.  Therefore, the direction of Caerwys Hall Farm from Coed y Ffrith cannot be determined.",stop,b,UNDET,True,True,
P073,2,underdetermined,2,place,non_salient,UNDET,"To determine the direction of Coed Cae Aberaman from Coed Penrhiw-angen, we can analyze the given facts and apply the composition rule.  1. Coed Cae Aberaman is the primary north neighbour of Cae'r Coed Cue. 2. Cae'r Coed Cue is the primary south neighbour of Coed Penrhiw-angen.  Using the composition rule: - If Coed Cae Aberaman is north of Cae'r Coed Cue, and Cae'r Coed Cue is south of Coed Penrhiw-angen, then Coed Cae Aberaman is north of Coed Penrhiw-angen.  Therefore, the direction of Coed Cae Aberaman from Coed Penrhiw-angen is north.",stop,b,north,False,False,
P074,2,underdetermined,2,place,salient,UNDET,"The facts provided are:  1. Bryn Bâch Common is the primary west neighbour of Rhydypennau Wood. 2. Roath Park is the primary east neighbour of Bryn Bâch Common.  We need to determine the direction of Roath Park from Rhydypennau Wood.  From fact 1, we know that Bryn Bâch Common is to the west of Rhydypennau Wood. From fact 2, we know that Roath Park is to the east of Bryn Bâch Common.  Using the composition rule, we can determine the direction of Roath Park from Rhydypennau Wood:  - Bryn Bâch Common is west of Rhydypennau Wood. - Roath Park is east of Bryn Bâch Common.  When we compose west (from Rhydypennau Wood to Bryn Bâch Common) with east (from Bryn Bâch Common to Roath Park), we get a set containing both directions: west or east.  Therefore, the direction of Roath Park from Rhydypennau Wood can be concluded as: west or east.",stop,b,east|west,False,False,
P075,2,underdetermined,2,place,salient,UNDET,"The facts provided are:  1. Middleton Plantation is the primary south neighbour of Cwm Coed-drwg. 2. Saxonbury is the primary north neighbour of Middleton Plantation.  We need to determine the direction of Saxonbury from Cwm Coed-drwg.  Using the composition rule:  - From Cwm Coed-drwg, Middleton Plantation is to the south. - From Middleton Plantation, Saxonbury is to the north.  Composing these directions:  - South composed with north yields no conclusion, as they are opposite directions.  Therefore, based on the given facts and the composition rule, the direction of Saxonbury from Cwm Coed-drwg cannot be determined.",stop,b,UNDET,True,True,
P076,2,underdetermined,2,unit,n/a,UNDET,"Gerlan is the primary west neighbour of Uchaf, and Uchaf is the primary east neighbour of Isaf. According to the composition rule, a direction composed with an adjacent direction yields the set containing both. Since west and east are opposite directions, composing them yields no conclusion. Therefore, the direction of Gerlan from Isaf cannot be determined.",stop,b,UNDET,True,True,
P077,2,underdetermined,2,unit,n/a,UNDET,"To determine the direction of Llanrug Community from Y Felinheli, we can use the given facts and the composition rule.  1. From the facts, we know:    - Llanddeiniolen Community is the primary east neighbour of Y Felinheli.    - Llanrug Community is the primary west neighbour of Llanddeiniolen Community.  2. We need to find the direction of Llanrug Community from Y Felinheli.  3. According to the composition rule:    - A direction composed with an adjacent direction yields the set containing both.  4. Since Llanddeiniolen Community is east of Y Felinheli, and Llanrug Community is west of Llanddeiniolen Community, we can infer that Llanrug Community is either north or east of Y Felinheli.  Therefore, the direction of Llanrug Community from Y Felinheli is ""north or east.""",stop,b,north|east,False,False,
P078,2,underdetermined,2,unit,n/a,UNDET,"To determine the direction of Bryneglwys from Llansantffraid Glyn Ceiriog, we can use the given facts and the composition rule.  1. From the facts:    - Corwen Community is the primary west neighbour of Llansantffraid Glyn Ceiriog.    - Bryneglwys is the primary east neighbour of Corwen Community.  2. Applying the composition rule:    - If Corwen Community is west of Llansantffraid Glyn Ceiriog, then moving from Llansantffraid Glyn Ceiriog to Corwen Community is in the west direction.    - From Corwen Community, moving to Bryneglwys is in the east direction.  3. Composing these directions:    - West (from Llansantffraid Glyn Ceiriog to Corwen Community) composed with East (from Corwen Community to Bryneglwys) yields the set containing both directions: 'west or east'.  Therefore, the direction of Bryneglwys from Llansantffraid Glyn Ceiriog can be concluded as 'west or east'.",stop,b,east|west,False,False,
P079,2,underdetermined,2,unit,n/a,UNDET,"To determine the direction of North West from Trellewelyn, we can analyze the given facts and apply the composition rule.  1. South West is the primary east neighbour of Trellewelyn. 2. North West is the primary west neighbour of South West.  We need to find the direction of North West from Trellewelyn.  - From fact 1, South West is east of Trellewelyn. - From fact 2, North West is west of South West.  Now, let's apply the composition rule:  - If South West is east of Trellewelyn, then moving west from South West would bring us back towards Trellewelyn. However, since North West is the primary west neighbour of South West, it must be positioned to the west of South West.  - Therefore, North West is positioned to the west of South West, which is east of Trellewelyn. This means North West is positioned in a direction that is west relative to South West, but since South West is east of Trellewelyn, North West could be north or east relative to Trellewelyn.  Thus, the direction of North West from Trellewelyn can be concluded as ""north or east.""",stop,b,north|east|west,False,False,
P080,2,underdetermined,2,unit,n/a,UNDET,"The direction of Llay Community from Higher Kinnerton can be determined using the given facts and the composition rule.  1. Rossett Community is the primary east neighbour of Higher Kinnerton. 2. Llay Community is the primary west neighbour of Rossett Community.  Using the composition rule: - From Higher Kinnerton, Rossett Community is to the east. - From Rossett Community, Llay Community is to the west.  When we compose east (from Higher Kinnerton to Rossett Community) with west (from Rossett Community to Llay Community), the rule states that a direction composed with its opposite (east with west) yields no conclusion.  Therefore, the direction of Llay Community from Higher Kinnerton cannot be determined.",stop,b,UNDET,True,True,
P081,2,underdetermined,2,unit,n/a,UNDET,"To determine the direction of Darowen from Llanwrglyn, we need to analyze the given facts and apply the composition rule.  1. Penegroes is the primary west neighbour of Llanwrglyn. This means Penegroes is directly west of Llanwrglyn.  2. Darowen is the primary east neighbour of Penegroes. This means Darowen is directly east of Penegroes.  Now, let's apply the composition rule:  - From Llanwrglyn, going west takes us to Penegroes. - From Penegroes, going east takes us to Darowen.  According to the composition rule, a direction composed with its opposite yields no conclusion. Since west and east are opposite directions, composing them yields no conclusion about the direct direction of Darowen from Llanwrglyn.  Therefore, the direction of Darowen from Llanwrglyn cannot be determined based on the given facts and the composition rule.  The answer is: cannot be determined.",stop,b,UNDET,True,True,
P082,2,underdetermined,2,unit,n/a,UNDET,"To determine the direction of Faenor Community from Tirymynach Community, we can analyze the given facts and apply the composition rule.  1. Trefeurig is the primary east neighbour of Tirymynach Community. 2. Faenor Community is the primary west neighbour of Trefeurig.  We need to find the direction of Faenor Community from Tirymynach Community.  - From fact 1, we know that Trefeurig is east of Tirymynach Community. - From fact 2, we know that Faenor Community is west of Trefeurig.  Now, applying the composition rule: - If Trefeurig is east of Tirymynach, and Faenor is west of Trefeurig, then Faenor could be either north or south of Tirymynach, as moving east then west could result in a position that is either north or south relative to the starting point.  Therefore, the direction of Faenor Community from Tirymynach Community can be concluded as 'north or south'.",stop,b,north|south,False,False,
P083,2,underdetermined,2,unit,n/a,UNDET,"To determine the direction of Hakin from Thornton, we can use the given facts and the composition rule.  1. From the fact ""Hubberston is the primary west neighbour of Thornton,"" we know that Hubberston is to the west of Thornton.  2. From the fact ""Hakin is the primary east neighbour of Hubberston,"" we know that Hakin is to the east of Hubberston.  Now, we need to determine the direction of Hakin from Thornton:  - If Hubberston is west of Thornton, then moving east from Hubberston could potentially bring us back towards Thornton or even further east, depending on the relative positions.  According to the composition rule: - A direction composed with an adjacent direction yields the set containing both.  Since east is adjacent to west, composing west (Hubberston from Thornton) with east (Hakin from Hubberston) yields the set containing both directions: ""west or east.""  Therefore, the direction of Hakin from Thornton can be concluded as ""west or east.""",stop,b,east|west,False,False,
P084,2,underdetermined,2,unit,n/a,UNDET,"To determine the direction of Glanyfferi from Pembrey, we can analyze the given facts and apply the composition rule.  1. From the fact ""Llansteffan is the primary west neighbour of Pembrey,"" we know that Llansteffan is directly west of Pembrey.  2. From the fact ""Glanyfferi is the primary east neighbour of Llansteffan,"" we know that Glanyfferi is directly east of Llansteffan.  Now, let's apply the composition rule:  - If Llansteffan is west of Pembrey, and Glanyfferi is east of Llansteffan, then Glanyfferi is in the direction of east from Llansteffan. - Since Glanyfferi is east of Llansteffan, and Llansteffan is west of Pembrey, Glanyfferi must be in the direction of either north or east from Pembrey.  Therefore, the direction of Glanyfferi from Pembrey can be concluded as ""north or east.""",stop,b,north|east,False,False,
P085,2,underdetermined,2,unit,n/a,UNDET,"To determine the direction of Llwydcoed Community from Rhigos Community, we can analyze the given facts and apply the composition rule.  1. Hirwaun Community is the primary north neighbour of Rhigos Community. This means Hirwaun is directly north of Rhigos.  2. Llwydcoed Community is the primary south neighbour of Hirwaun Community. This means Llwydcoed is directly south of Hirwaun.  Now, let's apply the composition rule:  - From Rhigos, going north takes us to Hirwaun. - From Hirwaun, going south takes us to Llwydcoed.  According to the composition rule, a direction composed with its opposite yields no conclusion. Since north and south are opposite directions, composing them yields no conclusion. Therefore, the direction of Llwydcoed Community from Rhigos Community cannot be determined based on the given facts and rule.  The answer is: cannot be determined.",stop,b,UNDET,True,True,
P086,2,underdetermined,2,unit,n/a,UNDET,"The facts provided are:  1. Hirwaun Community is the primary west neighbour of Vaynor. 2. Cyfarthfa is the primary east neighbour of Hirwaun Community.  We need to determine the direction of Cyfarthfa from Vaynor.  - From fact 1, we know that Hirwaun Community is to the west of Vaynor. - From fact 2, we know that Cyfarthfa is to the east of Hirwaun Community.  Using the composition rule: - West (Hirwaun Community from Vaynor) composed with East (Cyfarthfa from Hirwaun Community) yields the set containing both directions: 'west or east'.  Therefore, the direction of Cyfarthfa from Vaynor can be concluded as 'west or east'.",stop,b,east|west,False,False,
P087,2,underdetermined,2,unit,n/a,UNDET,"To determine the direction of Talybont-on-Usk from Hirwaun Community, we can analyze the given facts and apply the composition rule.  1. From the facts, we know:    - Llanfrynach Community is the primary north neighbour of Hirwaun Community.    - Talybont-on-Usk is the primary south neighbour of Llanfrynach Community.  2. We need to find the direction of Talybont-on-Usk from Hirwaun Community.  3. According to the composition rule:    - A direction composed with itself yields itself.    - A direction composed with its opposite yields no conclusion.    - A direction composed with an adjacent direction yields the set containing both.  4. Applying the facts:    - From Hirwaun Community, going north leads to Llanfrynach Community.    - From Llanfrynach Community, going south leads to Talybont-on-Usk.  5. Composing these directions:    - North (from Hirwaun to Llanfrynach) composed with South (from Llanfrynach to Talybont-on-Usk) is a direction composed with its opposite, which according to the rule yields no conclusion.  Therefore, the direction of Talybont-on-Usk from Hirwaun Community cannot be determined based on the given facts and the composition rule. The answer is: cannot be determined.",stop,b,UNDET,True,True,
P088,2,underdetermined,2,unit,n/a,UNDET,"To determine the direction of Risca Danygraig from Lower Machen, we can use the given facts and the composition rule.  1. From the facts, we know:    - Ty-Isaf Fields Road is the primary east neighbour of Lower Machen.    - Risca Danygraig is the primary west neighbour of Ty-Isaf Fields Road.  2. We need to find the direction of Risca Danygraig from Lower Machen.  3. According to the composition rule:    - A direction composed with an adjacent direction yields the set containing both.  4. Since Ty-Isaf Fields Road is east of Lower Machen, and Risca Danygraig is west of Ty-Isaf Fields Road, we can infer that Risca Danygraig is in the west direction relative to Ty-Isaf Fields Road.  5. Now, we need to determine the direction from Lower Machen:    - Lower Machen → East → Ty-Isaf Fields Road    - Ty-Isaf Fields Road → West → Risca Danygraig  6. Composing east (from Lower Machen to Ty-Isaf Fields Road) with west (from Ty-Isaf Fields Road to Risca Danygraig) yields no conclusion, as they are opposite directions.  Therefore, the direction of Risca Danygraig from Lower Machen cannot be determined based on the given facts and the composition rule. The answer is: cannot be determined.",stop,b,UNDET,True,True,
P089,2,underdetermined,2,unit,n/a,UNDET,East.,stop,a,east,False,False,
P090,2,underdetermined,2,unit,n/a,UNDET,"To determine the direction of Caerwent from Dewstow, we can analyze the given facts and apply the composition rule.  1. St. Brides Netherwent is the primary west neighbour of Dewstow. 2. Caerwent is the primary east neighbour of St. Brides Netherwent.  We need to find the direction of Caerwent from Dewstow. Let's break it down:  - From Dewstow, St. Brides Netherwent is to the west. - From St. Brides Netherwent, Caerwent is to the east.  Now, applying the composition rule:  - West (from Dewstow to St. Brides Netherwent) composed with East (from St. Brides Netherwent to Caerwent) yields a set containing both directions: {west, east}.  Therefore, the direction of Caerwent from Dewstow can be concluded as ""west or east.""",stop,b,east|west,False,False,
